{"cameraMode":{"drawMode":0,"name":"Shaded","section":"Shading Mode"},"sceneLighting":false,"audioPlay":false,"sceneViewState":{"showFog":true,"showMaterialUpdate":false,"showSkybox":true,"showFlares":true,"showImageEffects":true,"showParticleSystems":true},"in2DMode":false,"pivot":{"x":0.04000094532966614,"y":0.5799999237060547,"z":0.0},"rotation":{"x":-0.09418699890375138,"y":-0.3099970519542694,"z":-0.03087865374982357,"w":0.9455565810203552},"size":1.6582294702529908,"orthographic":false}