{"cameraMode":{"drawMode":0,"name":"Shaded","section":"Shading Mode"},"sceneLighting":false,"audioPlay":false,"sceneViewState":{"showFog":true,"showMaterialUpdate":false,"showSkybox":true,"showFlares":true,"showImageEffects":true,"showParticleSystems":true},"in2DMode":false,"pivot":{"x":-0.025250792503356935,"y":0.9350365996360779,"z":0.19516563415527345},"rotation":{"x":0.23789282143115998,"y":0.08843324333429337,"z":-0.021755095571279527,"w":0.9670125842094421},"size":5.981334209442139,"orthographic":false}