{"cameraMode":{"drawMode":0,"name":"Shaded","section":"Shading Mode"},"sceneLighting":false,"audioPlay":false,"sceneViewState":{"showFog":true,"showMaterialUpdate":false,"showSkybox":true,"showFlares":true,"showImageEffects":true,"showParticleSystems":true},"in2DMode":false,"pivot":{"x":-11.040000915527344,"y":32.650001525878909,"z":0.08000001311302185},"rotation":{"x":-0.2460518628358841,"y":-0.3131522536277771,"z":0.08435580879449845,"w":-0.9133883714675903},"size":5.715767860412598,"orthographic":false}